CustomerID,Default,Probability
7590-VHVEG,1,0.68859
5575-GNVDE,0,0.14193
6388-TABGU,0,0.11455
1680-VDCWW,0,0.14805
1066-JKSGK,0,0.47159
3638-WEABW,0,0.11025
8108-UXRQN,1,0.51048
9191-MYQKX,1,0.65966
9919-YLNNG,1,0.50447
0318-ZOPWS,0,0.08623
